phonème,graphème,occurences,pourcentage,exemple_1,exemple_2,exemple_3
m,m’,58,0.0,com’,com’com,diam’
m,hm,825,0.0,achmite,achmites,achmophobie
m,m,250466,0.8,aalclim,aalklim,abactériémique
m,me,7666,0.02,aaronisme,abime,abime
m,mm,16048,0.05,abondamment,accommoda,accommodable
m,mme,922,0.0,adénogramme,akkadogramme,algorigramme
m,ment,593,0.0,abiment,abyment,abîment
m,mes,33179,0.1,aaronismes,abadâmes,abaissâmes
m,mment,72,0.0,anagramment,assomment,autoconsomment
m,mmes,458,0.0,adénogrammes,akkadogrammes,algorigrammes
m,mms,2,0.0,stamms,stemms,
m,ms,637,0.0,aalclims,aalklims,abomasums
v,v,126316,0.94,abainvillois,abainvilloise,abainvilloises
v,w,839,0.0,adamswillerois,adamswilleroise,adamswilleroises
v,bv,6,0.0,Lefebvre,Lefebvre,Lefebvrois
v,ve,4282,0.03,abave,abdicative,abeurve
v,f,5,0.0,inductif,ofnis,making of
v,vent,490,0.0,abeurvent,abreuvent,abrivent
v,ves,1780,0.01,abaves,abdicatives,abeurves
v,vs,12,0.0,annivs,cacatovs,couvs
v,we,7,0.0,autointerviewe,interviewe,lerwe
v,went,4,0.0,autointerviewent,interviewent,réinterviewent
v,wes,6,0.0,autointerviewes,interviewes,lerwes
f,f,142397,0.7,abdicatif,abductif,abessif
f,ph,32692,0.16,abcédographie,abcédographies,ablutophobie
f,fe,330,0.0,agnafe,agrafe,agrafe
f,ff,22257,0.11,abomiffreuse,abomiffreuses,abomiffreux
f,ffe,440,0.0,affenage,affenages,agaffe
f,pf,254,0.0,champfrain,champfrains,déschtroumpfa
f,fent,66,0.0,agrafent,antifent,attifent
f,fes,106,0.0,agnafes,agrafes,agrafes
f,ffent,131,0.0,agaffent,agoffent,agriffent
f,ffes,215,0.0,agaffes,agoffes,agriffes
f,fs,1289,0.0,abdicatifs,abessifs,ablatifs
f,gh,3,0.0,rough,tough,tough
f,phe,609,0.0,abioglyphe,acalèphe,accélérographe
f,phent,18,0.0,apostrophent,catastrophent,déhiéroglyphent
f,phes,441,0.0,abioglyphes,acalèphes,accélérographes
f,phs,6,0.0,alephs,diaphs,josephs
f,v,33,0.0,cheveu,cheveux,kalachnikov
f,ve,13,0.0,abrogative,aperceptive,conclusive
f,vs,4,0.0,kalachnikovs,kalashnikovs,makarovs
b,b,233257,0.98,ab,ab-,aba
b,bh,1,0.0,club-house,,
b,gb,29,0.0,blingbling,blingbling,blingblings
b,be,1516,0.0,absorbe,accube,acerbe
b,bb,942,0.0,abbaasi,abbaasis,abbanaises
b,bbe,42,0.0,abbecourtois,abbecourtoise,abbecourtoises
b,h,1,0.0,kahba,,
b,bbent,8,0.0,clubbent,dabbent,fansubbent
b,bbes,16,0.0,astibbes,clubbes,dabbes
b,bent,197,0.0,absorbent,acerbent,adoubent
b,bes,840,0.0,absorbes,acerbes,acerbes
b,bs,120,0.0,achebs,alacabs,ardebs
p,p,302442,0.93,abampère,abampères,abdominoplastie
p,b,1686,0.0,absalonien,absalonienne,absaloniennes
p,pe,3237,0.0,accipe,acclampe,accroupetonna
p,pp,15235,0.04,achoppa,achoppai,achoppaient
p,ps,175,0.0,acaps,amaps,autostops
p,ppe,463,0.0,achoppe,achoppemens,achoppement
p,pent,398,0.0,accipent,acclampent,achapent
p,pes,1130,0.0,accipes,acclampes,achapes
p,ppent,125,0.0,achoppent,agrippent,agrouppent
p,ppes,182,0.0,achoppes,agrippes,agrouppes
p,pps,1,0.0,trapps,,
d,d’,3267,0.0,aujourd’hui,aujourd’hui,cejourd’hui
d,d,362145,0.95,abada,abadai,abadaient
d,dh,59,0.0,adhæra,adhærai,adhæraient
d,j,42,0.0,darjeeling,jeep,jeeps
d,dd,1345,0.0,adda,addai,addaient
d,de,7898,0.02,abade,abande,abbasside
d,g,263,0.0,aggiornamenta,aggiornamentai,aggiornamentaient
d,z,271,0.0,autopaparazzia,autopaparazziai,autopaparazziaient
d,dde,21,0.0,adde,bidde,gedde
d,ddes,6,0.0,addes,biddes,muddes
d,ddent,2,0.0,addent,biddent,
d,dent,1020,0.0,abadent,abandent,abcèdent
d,des,4198,0.01,abades,abandes,abcèdes
d,dds,1,0.0,judds,,
d,dhs,1,0.0,jodhs,,
d,ds,215,0.0,abends,abids,abjads
t,t’,50,0.0,appart’,cafèt’,cafét’
t,c,1600,0.0,acciaccatura,achinais,achinais
t,t,617631,0.85,aastaises,abactérien,abactériémique
t,th,2553,0.0,absinthai,absinthaient,absinthant
t,cht,259,0.0,déschtroumpfa,déschtroumpfai,déschtroumpfaient
t,chts,2,0.0,yachts,yachtsman,
t,d,105,0.0,chappedonade,chappedonades,mandchou
t,pt,1410,0.0,anabaptisme,anabaptismes,anabaptiste
t,te,18696,0.02,aakérite,abacate,abaciste
t,the,386,0.0,absinthe,absinthe,absinthe
t,tt,28875,0.03,abattable,abattables,abattage
t,tte,3634,0.0,abatte,abatte,abattemens
t,dt,35,0.0,arendtien,darmstadtates,darmstadtium
t,tent,2915,0.0,abotent,aboutent,abratent
t,tes,40829,0.05,aakérites,abacates,abacistes
t,thent,5,0.0,absinthent,azimuthent,bismuthent
t,thes,199,0.0,absinthes,absinthes,absinthes
t,ths,39,0.0,aneths,archiluths,baths
t,ts,670,0.0,abjects,abjects,abrupts
t,ttent,670,0.0,abattent,abbattent,accottent
t,ttes,2553,0.0,abattes,abbattes,ablerettes
t,tts,34,0.0,attowatts,boycotts,centiwatts
n,n’,95,0.0,n’,n’dama,n’damas
n,n,250164,0.71,aalénien,aalénienne,aaléniennes
n,g,90,0.0,avignonnaise,bignola,bignolai
n,hn,1888,0.0,antitechniciste,antitechnicistes,arachnicide
n,mn,434,0.0,autocondamna,autocondamnai,autocondamnaient
n,ñ,45,0.0,buñuelien,buñuelienne,buñueliennes
n,ne,11025,0.03,abaliène,abalone,abamectine
n,nh,17,0.0,enhaient,manhwa,manhwaga
n,nn,63042,0.18,abandonna,abandonnable,abandonnables
n,nne,6267,0.01,aalénienne,abandonne,abandonnemens
n,wn,273,0.0,brownesque,brownie,brownies
n,mne,26,0.0,autocondamne,autodamne,automne
n,mnent,11,0.0,autocondamnent,autodamnent,automnent
n,mnes,12,0.0,autocondamnes,autodamnes,automnes
n,nhs,1,0.0,Kinhs,,
n,nent,1369,0.0,abaliènent,abandounent,abominent
n,nes,6741,0.01,abaliènes,abalones,abamectines
n,nnent,1273,0.0,abandonnent,ablutionnent,abonnent
n,nnes,4599,0.01,aaléniennes,abandonnes,abbevilliennes
n,nns,3,0.0,djinns,dobermanns,finns
n,ns,424,0.0,abdomens,aboukorns,acumens
ɲ,gn,16064,0.72,aborgna,aborgnai,aborgnaient
ɲ,n,61,0.0,brangus,campanien,campanien
ɲ,ñ,17,0.0,buñueliser,cañon,cañons
ɲ,gne,874,0.03,aborgne,acagne,accagne
ɲ,gni,543,0.02,acagniez,acagnions,accagniez
ɲ,ign,3315,0.14,acquignicien,acquignicienne,acquigniciennes
ɲ,ni,121,0.0,acrimonial,acrimoniale,acrimoniales
ɲ,nni,10,0.0,aiguillonnier,aiguillonniers,chaponnière
ɲ,ny,64,0.0,banyan,bunyete,bunyetes
ɲ,gnent,312,0.01,aborgnent,acagnent,accagnent
ɲ,gnes,626,0.02,aborgnes,acagnes,accagnes
ɲ,igne,155,0.0,aplaigne,araigne,araigne
ɲ,nys,1,0.0,yidinys,,
ŋ,n,397,0.31,barangay,bengalî,bengalî
ŋ,ng,637,0.49,aboung,abung,agribashing
ŋ,g,36,0.02,biltong,bong,dangdut
ŋ,ngs,209,0.16,antifoulings,aquabikings,aquaplanings
ɡ,g,117822,0.86,abaga,abaga,abakwariga
ɡ,gh,126,0.0,adjemoghlan,adjemoghlans,aghas
ɡ,gu,13936,0.1,abnèguera,abnèguerai,abnègueraient
ɡ,c,360,0.0,attoseconde,attosecondes,centiseconde
ɡ,gg,1274,0.0,agger,aggers,aggrandir
ɡ,gue,1755,0.01,abnègue,accidentologue,acribologue
ɡ,gge,24,0.0,blogge,bugge,débugge
ɡ,ggent,24,0.0,bloggent,buggent,débuggent
ɡ,gges,24,0.0,blogges,bugges,débugges
ɡ,gs,136,0.0,achougs,agregs,agrégs
ɡ,guent,278,0.0,abnèguent,aiguent,airbaguent
ɡ,gues,1031,0.0,abnègues,accidentologues,acribologues
k,qu’,120,0.0,jusqu’,jusqu’alors,jusqu’auboutiste
k,c,319528,0.73,aalclim,aalclims,abaca
k,ch,4865,0.01,abelmeluch,abelmosch,acheiropoïète
k,k,19778,0.04,aakérite,aakérites,aalklim
k,kh,101,0.0,akh,akhas,ankh
k,q,15579,0.03,abloqui,abloquir,abloquira
k,qu,38738,0.08,abdiqua,abdiquai,abdiquaient
k,xh,4,0.0,xhosa,xhosa,xhosas
k,cc,9358,0.02,abucco,abuccos,accabla
k,cch,4,0.0,acchroïde,bacchas,Zacchée
k,cg,8,0.0,brunschvicgien,brunschvicgien,brunschvicgienne
k,ck,4547,0.01,adstockois,adstockoise,adstockoises
k,cq,384,0.0,acquaintance,acquaintances,acquignicien
k,cqu,1409,0.0,abbecqua,abbecquai,abbecquaient
k,cque,303,0.0,abbecque,abecque,abecquement
k,g,29,0.0,algonquiens,bergopzom,bergopzoms
k,kk,157,0.0,akkadien,akkadien,akkadienne
k,kw,44,0.0,atikamekw,atikamekw,atikamekwisa
k,que,12395,0.02,aaronique,abactériémique,abandonnique
k,che,10,0.0,acritarche,acéphalobrache,acéphalobrache
k,ches,10,0.0,acritarches,acéphalobraches,acéphalobraches
k,chs,26,0.0,abelmeluchs,abelmoschs,adrézarachs
k,cke,75,0.0,antimonnicke,autohacke,backe
k,ckent,58,0.0,autohackent,backent,bockent
k,ckes,59,0.0,antimonnickes,autohackes,backes
k,cks,126,0.0,aracks,beylicks,biftecks
k,cquent,21,0.0,abbecquent,abecquent,acquent
k,cques,62,0.0,abbecques,abecques,acques
k,cs,646,0.0,abelmiscs,acquéducs,agarics
k,ke,233,0.0,anke,aphake,aphake
k,kent,73,0.0,bakent,batikent,battikent
k,kes,124,0.0,aphakes,aphakes,aquabikes
k,khe,6,0.0,kazakhe,sikhe,sikhe
k,khs,17,0.0,akhs,chaykhs,cheikhs
k,khes,6,0.0,kazakhes,sikhes,sikhes
k,kke,4,0.0,retrekke,slikke,trekke
k,kkent,2,0.0,retrekkent,trekkent,
k,kkes,3,0.0,retrekkes,slikkes,trekkes
k,ks,259,0.0,abroks,afterworks,amoks
k,kws,3,0.0,atikamekws,Atikamekws,Attikamekws
k,qs,20,0.0,araqs,bozoqs,conaqs
k,quent,705,0.0,abdiquent,abloquent,abouquent
k,ques,7110,0.01,aaroniques,abandonniques,abandonniques
ʒ,j’,10,0.0,j’,j’ai,j’t’aime
ʒ,g,59992,0.54,abaloger,abalogera,abalogerai
ʒ,ge,20026,0.18,abaloge,abalogea,abalogeai
ʒ,j,23640,0.21,abajoue,abajoues,abajour
ʒ,e,260,0.0,backstage,challenge,challenge
ʒ,gg,11,0.0,appoggiature,arpeggione,arpeggiones
ʒ,je,191,0.0,aje,armèje,babaje
ʒ,gent,623,0.0,abalogent,abergent,abiaugent
ʒ,ges,4713,0.04,abaloges,abatages,abattages
ʒ,jent,5,0.0,armèjent,biroulèjent,francimandèjent
ʒ,jes,11,0.0,ajes,armèjes,babajes
ʒ,js,6,0.0,beujs,bordjs,trajs
ʃ,ch,80699,0.82,abachi,abachis,abbèchera
ʃ,ch’,57,0.0,ch’,ch’kâra,ch’kâras
ʃ,che,5518,0.05,abadèche,abbèche,abouche
ʃ,s,3042,0.03,abishira,abishégam,aftershava
ʃ,sch,2138,0.02,aescherite,affenpinscher,amschaspand
ʃ,sh,1184,0.01,ameryiddish,amish,amish
ʃ,x,32,0.0,axoa,axoas,erromintxela
ʃ,zh,7,0.0,zhuang,zhuangs,zhuang
ʃ,c,52,0.0,acciaccatura,acidalie,acidalies
ʃ,chs,50,0.0,ambatchs,bakchichs,batchs
ʃ,h,1960,0.02,achinais,achinais,acholi
ʃ,sc,214,0.0,antifascisme,antifascismes,antifasciste
ʃ,z,2,0.0,czamara,czamaras,
ʃ,chent,649,0.0,abbèchent,abouchent,abèchent
ʃ,ches,1855,0.01,abadèches,abbèches,abouches
ʃ,sche,95,0.0,beutsche,beutsche,deutschemark
ʃ,schent,5,0.0,beutschent,détaschent,enkitschent
ʃ,sches,9,0.0,beutsches,détasches,enkitsches
ʃ,schs,8,0.0,dorschs,goulaschs,hachischs
ʃ,she,30,0.0,amishe,bashe,blushe
ʃ,shes,33,0.0,amishes,antislashes,bashes
ʃ,shent,26,0.0,bashent,blushent,clashent
ʃ,shs,30,0.0,amishs,antislashs,backslashs
z,j,3,0.0,ajustabilités,jaleïka,jaleïkas
z,z,17511,0.04,abaza,abkhazité,abkhazités
z,s,340525,0.85,abasie,abasies,abasourdi
z,se,16925,0.04,aaronaise,abainvilloise,abaisseuse
z,si,22,0.0,agribusiness,agrobusiness,business
z,x,288,0.0,deuxaine,deuxio,deuxième
z,zh,9,0.0,breizhous,freizh,pezh
z,ze,501,0.0,abkhaze,abkhaze,acanthize
z,zz,381,0.0,abruzzais,abruzzais,abruzzaise
z,sent,7285,0.01,abduisent,abeilardisent,abidjanisent
z,ses,14532,0.03,aaronaises,aastaises,abainvilloises
z,zent,39,0.0,autobronzent,benzent,bronzent
z,zes,184,0.0,abkhazes,acanthizes,achkenazes
z,zs,5,0.0,gonzs,FZS,MZS
z,zze,4,0.0,buzze,jazze,rejazze
z,zzent,3,0.0,buzzent,jazzent,rejazzent
z,zzes,5,0.0,buzzes,jazzes,rejazzes
s,c’,109,0.0,c’,c’est,c’que
s,s’,2920,0.0,s’abader,s’abaisser,s’abaisser
s,ç’,1,0.0,ç’,,
s,c,80458,0.12,abaciste,abacistes,abandogiciel
s,ç,10281,0.01,accoinçon,accoinçons,acquiesçant
s,s,282627,0.44,aaronisme,aaronismes,aasax
s,sc,5115,0.0,abscise,abscises,abscision
s,th,128,0.0,chrestomathie,chrestomathies,classpath
s,x,458,0.0,antisoixantehuitard,antisoixantehuitards,auxerrois
s,cc,59,0.0,accensa,accensai,accensaient
s,ce,5895,0.0,abayance,aberrance,abjuratrice
s,sç,109,0.0,acquiesça,acquiesçable,acquiesçables
s,se,1745,0.0,abaisse,abaisse,abaissemens
s,ss,115931,0.18,abadassiez,abadassions,abaissassiez
s,sse,31934,0.05,abadasse,abaissasse,abalasse
s,sth,97,0.0,antiasthmatique,antiasthmatique,antiasthmatiques
s,t,26960,0.04,abacost,abaliénation,abaliénations
s,z,451,0.0,adichatz,attohertz,aztèques
s,cent,414,0.0,acquiescent,agacent,agencent
s,ces,3138,0.0,abayances,aberrances,abjuratrices
s,sce,11,0.0,concupisce,drosce,fasce
s,scent,5,0.0,concupiscent,fascent,immiscent
s,sces,8,0.0,concupisces,drosces,fasces
s,sent,347,0.0,abaissent,absconsent,accensent
s,ses,1039,0.0,abaisses,abaisses,abbesses
s,ssent,28919,0.04,abadassent,abaissassent,abalassent
s,sses,29313,0.04,abadasses,abaissasses,abalasses
s,ths,2,0.0,classpaths,smithsonites,
s,tz,12,0.0,anetziens,trénitz,Anetz
ʁ,r,1370403,0.93,aakérite,aakérites,aari
ʁ,rh,135,0.0,amblyrhynque,amblyrhynques,arhats
ʁ,rr,22172,0.01,aberra,aberrai,aberraient
ʁ,r’,2236,0.0,entr’-,entr’abat,entr’abattaient
ʁ,rc,33,0.0,antarctique,antarctiques,arcticisation
ʁ,re,21149,0.01,abampère,abandonnataire,abandonware
ʁ,rre,1164,0.0,abarrejadis,aberre,abhorre
ʁ,rrh,122,0.0,adiarrhée,adiarrhées,aménorrhée
ʁ,rrhe,18,0.0,anticatarrhe,anticatarrhe,arrhe
ʁ,rt,1848,0.0,accort,accourt,acquiert
ʁ,gh,15,0.0,amazigh,amazigh,amazighiste
ʁ,rcs,7,0.0,clercs,marcs,porcs
ʁ,rd,1751,0.0,abeillard,abeillard,abord
ʁ,rds,827,0.0,abeillards,abords,académisards
ʁ,rent,30143,0.02,abadèrent,abaissèrent,abaliénèrent
ʁ,res,11189,0.0,abampères,abandonnataires,abandonwares
ʁ,rf,39,0.0,cerf,hircocerf,nerf
ʁ,rfs,42,0.0,cerfs,nerfs,serfs
ʁ,rg,130,0.0,borgnotta,borgnottai,borgnottaient
ʁ,rgh,1,0.0,argh,,
ʁ,rgs,10,0.0,bourbourgs,bourgs,brandebourgs
ʁ,rps,105,0.0,anticorps,autoanticorps,bicorps
ʁ,rrent,119,0.0,aberrent,abhorrent,acarrent
ʁ,rres,360,0.0,aberres,abhorres,acarres
ʁ,rrhent,2,0.0,arrhent,enarrhent,
ʁ,rrhes,6,0.0,arrhes,arrhes,catarrhes
ʁ,rrs,2,0.0,birrs,torrs,
ʁ,rs,8310,0.0,abaisseurs,abaisseurs,abaisseurs
ʁ,rts,506,0.0,accorts,acrosports,aigremorts
ʁ,ghe,2,0.0,tifinaghe,Blankenberghe,
ʁ,ghes,1,0.0,tifinaghes,,
ʁ,ghs,2,0.0,tifinaghs,tifinaghs,
l,l’,1084,0.0,babil’s,coquel’œil,coquel’œil
l,l,443485,0.86,aalclim,aalclim,aalclims
l,ll,31864,0.06,abainvillois,abainvilloise,abainvilloises
l,e,211,0.0,arhinencéphalie,battle,bundle
l,gl,544,0.0,agglo,agglo,agglomère
l,le,13108,0.02,abacule,abaissable,abale
l,li,13,0.0,aliya,aliyas,arhinencéphalie
l,lh,3,0.0,poolhouse,Dakelh,Le Boulh
l,lle,4295,0.0,abeillerolle,abolle,abrelle
l,es,13,0.0,arhinencéphalies,battles,bundles
l,lent,1709,0.0,abalent,abolent,abouclent
l,les,8777,0.01,abaissables,abales,abandonnables
l,llent,395,0.0,abâtellent,accumoncellent,agnellent
l,lles,2311,0.0,abeillerolles,abolles,abrelles
l,lls,65,0.0,amphimulls,atolls,attolls
l,ls,2022,0.0,ababils,abandogiciels,abdals
j,y,11260,0.02,abaya,abaya,abayai
j,y’,7,0.0,y’,y’a,circulez y’a rien à voir
j,hi,1589,0.0,abrachiocéphale,abrachiocéphale,abrachiocéphales
j,hy,275,0.0,bathyal,bathyale,brachyodonte
j,i,315762,0.81,aalénien,aalénienne,aaléniennes
j,ï,1122,0.0,abaïa,abaïai,abaïaient
j,j,343,0.0,adjalètes,adjoukrou,ajoureuse
j,yi,281,0.0,abayiez,abayions,abreyiez
j,e,535,0.0,aboyeur,aboyeur,aboyeurs
j,g,188,0.0,allotriologies,attagènes,calorifugeur
j,ïi,9,0.0,abaïiez,abaïions,daïiez
j,ill,32262,0.08,abeillage,abeillages,abeillard
j,ille,2478,0.0,abeille,abeillerolle,abeillerolles
j,illi,1249,0.0,abeillier,abeillier,abeilliers
j,gh,191,0.0,brightique,brightique,brightiques
j,gui,3,0.0,reswinguiez,reswinguions,Laguiole
j,l,120,0.0,claquebitou,coralliculture,corallicultures
j,lh,2,0.0,Cunlhat,Graulhet,
j,ll,14962,0.03,abillois,abilloise,abilloises
j,lle,920,0.0,abrille,acastille,accastille
j,lli,836,0.0,abrilliez,abrillions,acastilliez
j,n,256,0.0,achrien,alexandrien,allouestrien
j,u,53,0.0,barbecue,défuella,défuellai
j,ye,277,0.0,abaye,abiye,abreye
j,glie,5,0.0,bonnevoglie,Broglie,bonne-voglie
j,glies,2,0.0,bonnevoglies,bonnes-voglies,
j,ie,17,0.0,barakie,barbéie,faséie
j,ïe,20,0.0,abaïe,azalaïe,aïe
j,ïes,9,0.0,abaïes,ambubaïes,daïes
j,ïent,4,0.0,abaïent,daïent,pantaïent
j,il,676,0.0,abeilhanais,abeilhanaise,abeilhanaises
j,illes,1327,0.0,abeilles,accoquilles,accordailles
j,ils,215,0.0,accueils,adrigails,aiguails
j,illent,718,0.0,accoquillent,accrabouillent,accueillent
j,is,10,0.0,bodois,chais,joseis
j,ïs,38,0.0,adaïs,attaïs,azalaïs
j,llent,269,0.0,abrillent,acastillent,accastillent
j,lles,585,0.0,abrilles,acastilles,accastilles
j,yent,36,0.0,abreyent,abrèyent,asseyent
j,yes,138,0.0,abayes,abreyes,abrèyes
j,ys,22,0.0,atays,attays,boys
w,ho,185,0.0,agathois,aguanishois,aguanishoise
w,hou,72,0.0,cacahouète,cacahouètes,cahouètes
w,ou,9011,0.14,ababouiné,ababouinée,ababouinées
w,w,5460,0.08,abakwariga,abandonware,abandonwares
w,o,43075,0.7,abainvillois,abainvilloise,abainvilloises
w,hu,36,0.0,cacahuète,cacahuètes,chihuahua
w,oo,86,0.0,reshampooina,reshampooinai,reshampooinaient
w,oy,27,0.0,anvoye,broyemens,broyement
w,u,3472,0.05,acquaintance,acquaintances,acquois
ɥ,hu,650,0.02,antisoixantehuitard,antisoixantehuitards,aujourd’hui
ɥ,u,25645,0.97,abanui,abanuie,abanuies
ɥ,ü,51,0.0,ambigüité,ambigüités,argüer
ɥ,’hu,0,0.0,,,
i,hi,8653,0.0,abishira,absinthine,absinthines
i,hie,162,0.0,abrachie,acanthie,acroposthie
i,hient,1,0.0,hient,,
i,hies,106,0.0,abrachies,acanthies,acroposthies
i,y,36124,0.03,abioglyphe,abioglyphes,abutyrotomofilogène
i,hy,8687,0.0,acrothymion,acrothymions,acétaldéhyde
i,i,787069,0.86,aakérite,aakérites,aalclim
i,î,4076,0.0,abalourdîmes,abalourdîtes,abanuîmes
i,e,576,0.0,abbaye,bebop,because
i,ea,1068,0.0,alsea,beach,beacha
i,ee,1218,0.0,afroqueer,banoffee,banshee
i,eo,199,0.0,people,people,peoplisa
i,hî,16,0.0,envahîmes,envahîtes,gourmoukhî
i,ï,7197,0.0,abigaïl,abigaïls,abrotanoïde
i,ie,25288,0.02,abadie,abadie,abalourdie
i,is,3986,0.0,aaris,abachis,abadis
i,o,18,0.0,businesswomen,camerawomen,camérawomen
i,u,2743,0.0,accoquilla,accoquillai,accoquillaient
i,ui,11330,0.01,abloqui,abloquir,abloquira
i,yg,19,0.0,amygdale,amygdalectomie,amygdalectomies
i,ÿ,14,0.0,l’haÿssiens,Aÿ,Faÿssien
i,ees,13,0.0,banshees,burpees,cherokees
i,his,41,0.0,bushis,envahis,envahis
i,hit,6,0.0,envahit,renvahit,retrahit
i,hît,6,0.0,envahît,renvahît,retrahît
i,id,8,0.0,muid,nid,en nid d’abeille
i,ids,16,0.0,muids,nids,Saint-Pierre-des-Nids
i,ict,1,0.0,amict,,
i,icts,1,0.0,amicts,,
i,ïe,16,0.0,amuïe,amuïe,dyschroïe
i,ient,1238,0.0,abrient,abrévient,abérient
i,ies,7879,0.0,abadies,abalourdies,abanuies
i,ïes,15,0.0,amuïes,amuïes,azalaïes
i,ii,40,0.0,ascidiiforme,ascidiiformes,briissois
i,il,96,0.0,baril,chartil,courtil
i,ils,38,0.0,barils,chartils,courtils
i,ïs,17,0.0,amuïs,amuïs,aïs
i,it,2760,0.0,abalourdit,abanuit,abasourdit
i,ît,1582,0.0,abalourdît,abanuît,abasourdît
i,its,660,0.0,abduits,acabits,achits
i,ix,164,0.0,crucifix,dix,galloperdrix
i,iz,27,0.0,riz,bol de riz en fer,brisure de riz
i,ye,27,0.0,barye,fuye,harpye
i,yes,16,0.0,abbayes,baryes,harpyes
i,yie,5,0.0,cécidomyie,orgyie,stégomyie
i,yies,3,0.0,cécidomyies,orgyies,échinomyies
i,ys,228,0.0,afterpartys,aisys,almastys
i,yt,1,0.0,Clerfayt,,
e,ai,58247,0.06,abadai,abaderai,abaierai
e,eh,52,0.0,behaviourisme,behaviourismes,brehaigne
e,et,1205,0.0,admettable,admettables,aiguillettier
e,hé,11258,0.01,abishégam,absinthé,absinthé
e,hés,57,0.0,absinthés,arrhés,ashés
e,ae,112,0.0,aedelforsites,aedicule,aedicules
e,aî,202,0.0,autoenchaîner,autoentraîner,autotraîner
e,æ,680,0.0,adhæra,adhærai,adhæraient
e,ay,225,0.0,abbaye,abraysien,abraysienne
e,e,15824,0.01,abelia,abelias,abellen
e,é,500476,0.57,aakérite,aakérites,aalénien
e,ey,161,0.0,alleyracois,aveyronnais,aveyronnaises
e,ha,7,0.0,hayer,milkshake,DHA
e,he,194,0.0,anchitherium,anchitheriums,anthenois
e,œ,577,0.0,acœlomate,acœlomate,acœlomates
e,oe,99,0.0,acoelomé,acoelomés,caloenas
e,a,626,0.0,abayer,abbayes,accrapoutir
e,ê,1236,0.0,abêtit,apprêter,apprêté
e,ë,27,0.0,aërométrie,aërométries,canoë
e,ée,29186,0.03,ababouinée,abadée,abaissée
e,ei,199,0.0,aveinière,baleinier,baleinier
e,aes,2,0.0,reggaes,reggaes,
e,ais,47,0.0,bandolais,chicoutais,courais
e,ays,29,0.0,attograys,centigrays,charbrays
e,ed,247,0.0,antipied,assied,bipied
e,eds,126,0.0,antipieds,assieds,bipieds
e,ehe,4,0.0,yohimbehe,République hellénique,acide heptanoïque
e,ehes,1,0.0,yohimbehes,,
e,ehs,3,0.0,dahabiehs,moucharabiehs,sakiehs
e,ee,47,0.0,beethovenien,beethovénien,beethovéniennes
e,ër,1,0.0,arguër,,
e,ets,100,0.0,agouets,alphadécédets,amelets
e,éent,48,0.0,agréent,autocréent,bléent
e,ées,28160,0.03,ababouinées,abadées,abaissées
e,ef,45,0.0,bief,clef,teffs
e,efs,42,0.0,clefs,clefs Allen,clefs USB
e,er,38631,0.04,abader,abaisser,abaisser
e,ers,2724,0.0,abeillers,abeillers,abeilliers
e,es,1169,0.0,altérabilites,animes,arares
e,és,30543,0.03,ababouinés,abadés,abaissés
e,ës,2,0.0,canoës,xylaloës,
e,ex,9,0.0,Bex,Cernex,Challex
e,ez,143572,0.16,abadassiez,abaderez,abaderiez
e,her,45,0.0,absinther,arrher,azimuther
ɛ,aie,1312,0.0,abaie,abaiera,abaierai
ɛ,aient,58085,0.11,abadaient,abaderaient,abaient
ɛ,aies,267,0.0,abaies,abricoteraies,abstraies
ɛ,ais,62192,0.12,aaronais,abadais,abaderais
ɛ,ait,58505,0.11,abadait,abaderait,abaierait
ɛ,ayent,85,0.0,abayent,aigayent,aiguayent
ɛ,es,12284,0.02,abbesse,abbesses,abessif
ɛ,est,194,0.0,alcaests,alcootests,alcotests
ɛ,haie,25,0.0,enhaie,enhaiera,enhaierai
ɛ,haies,21,0.0,enhaies,haies,haies
ɛ,hais,38,0.0,absinthais,arrhais,azimuthais
ɛ,hait,44,0.0,absinthait,arrhait,azimuthait
ɛ,haye,7,0.0,enhaye,haye,Onhaye
ɛ,a,6800,0.01,abandonware,abandonwares,abaya
ɛ,ae,22,0.0,aerarium,baeckeofe,chaebol
ɛ,æ,94,0.0,adhære,adhærent,adhærera
ɛ,ai,28259,0.05,aaronaise,aaronaises,aastaises
ɛ,aî,2561,0.0,acconnaître,affaîta,affaîtage
ɛ,e,174406,0.34,aalénienne,aaléniennes,abamectin
ɛ,é,9482,0.01,abaliénera,abaliénerai,abaliéneraient
ɛ,è,58177,0.11,abadèche,abadèches,abadèrent
ɛ,ê,7495,0.01,abêti,abêti,abêtie
ɛ,ha,347,0.0,aftershava,aftershavai,aftershavaient
ɛ,hay,8,0.0,hayve,hayves,onhaytois
ɛ,he,4784,0.0,acrothermal,acrothermale,acrothermales
ɛ,hé,271,0.0,adhérera,adhérerai,adhéreraient
ɛ,hê,23,0.0,bohême,bohêmes,chême
ɛ,œ,91,0.0,acœle,acœle,acœles
ɛ,ä,55,0.0,bäckeofe,bäckeofes,länder
ɛ,ay,499,0.0,amaytois,amaytoise,amaytoises
ɛ,aye,49,0.0,archegaye,balayemens,balayement
ɛ,ey,482,0.0,alleycat,antidreyfusard,antidreyfusard
ɛ,ë,435,0.0,aloës,boënnaises,boëssa
ɛ,ea,322,0.0,beefsteak,beefsteaks,boghead
ɛ,ee,349,0.0,beethovenisa,beethovenisai,beethovenisaient
ɛ,ei,2052,0.0,abeilardisa,abeilardisai,abeilardisaient
ɛ,hai,191,0.0,achaine,achaines,bréhaignes
ɛ,hè,877,0.0,absinthèrent,achène,achènes
ɛ,i,69,0.0,caninoïde,caninoïde,caninoïdes
ɛ,ue,3902,0.0,abouquel,abouquels,aguerri
ɛ,aict,1,0.0,traict,,
ɛ,aicts,1,0.0,traicts,,
ɛ,aid,5,0.0,laid,laid,plaid
ɛ,aids,3,0.0,laids,laids,laids comme des poux
ɛ,aît,46,0.0,apparaît,autoconnaît,autoreconnaît
ɛ,aits,137,0.0,abaits,abstraits,abstraits
ɛ,aix,36,0.0,cherfaix,paix,paix
ɛ,ayes,5,0.0,archegayes,calebayes,dépotayes
ɛ,ays,18,0.0,antigays,chardonnays,clays
ɛ,eah,1,0.0,yeah,,
ɛ,ect,28,0.0,abject,anspect,aspect
ɛ,ects,11,0.0,anspects,aspects,conspects
ɛ,eh,27,0.0,bokeh,cheh,cheh
ɛ,ehs,6,0.0,chehs,keffiehs,kehs
ɛ,eigh,5,0.0,bobsleigh,bobsleigh,Ashleigh
ɛ,eighs,1,0.0,bobsleighs,,
ɛ,ès,305,0.0,abcès,accès,accès
ɛ,et,2198,0.0,ableret,acquet,acret
ɛ,ês,3,0.0,corês,épistémês,épochês
ɛ,êt,147,0.0,acquêt,apprêt,arrêt
ɛ,ets,1388,0.0,ablerets,acquets,acrets
ɛ,êts,86,0.0,acquêts,apprêts,arrêts
ɛ,eys,26,0.0,attorneys,bateys,beys
ɛ̃,aim,77,0.0,aim,claquefaim,daim
ɛ̃,aims,11,0.0,aims,claquefaims,daims
ɛ̃,ain,2969,0.03,abainvillois,abainvilloise,abainvilloises
ɛ̃,ains,828,0.0,acérains,adémontains,africains
ɛ̃,ein,2137,0.02,archiplein,arein,argentoliveingite
ɛ̃,eins,96,0.0,archipleins,areins,astreins
ɛ̃,haim,1,0.0,haim,,
ɛ̃,haims,1,0.0,haims,,
ɛ̃,hain,6,0.0,hain,séchehain,Ohain
ɛ̃,hains,5,0.0,hains,séchehains,élisabéthains
ɛ̃,hein,1,0.0,hein,,
ɛ̃,hin,151,0.0,anhinga,anhingas,anhingidé
ɛ̃,im,6948,0.08,aguimpa,aguimpai,aguimpaient
ɛ̃,in,52990,0.61,abamectin,abrasin,absintha
ɛ̃,e,147,0.0,abergementier,abergementiers,abergementière
ɛ̃,en,7868,0.09,aalénien,abactérien,abbevillien
ɛ̃,ing,189,0.0,basting,coing,fulguropoing
ɛ̃,ïn,237,0.0,caïnça,caïnças,coïncida
ɛ̃,în,114,0.0,abstînmes,abstîntes,appartînmes
ɛ̃,ym,1279,0.01,asymbolie,asymbolies,asymbolisa
ɛ̃,yn,2036,0.02,absynthe,absynthes,amblyrhynque
ɛ̃,ainc,9,0.0,autoconvainc,convainc,déconvainc
ɛ̃,aincs,9,0.0,autoconvaincs,convaincs,déconvaincs
ɛ̃,aing,7,0.0,bastaing,faing,parpaing
ɛ̃,aings,2,0.0,faings,parpaings,
ɛ̃,aint,1009,0.01,autocontraint,complaint,contraint
ɛ̃,aints,28,0.0,autocontraints,complaints,contraints
ɛ̃,eing,5,0.0,contreseing,seing,blanc-seing
ɛ̃,eings,3,0.0,contreseings,seings,Feings
ɛ̃,eint,54,0.0,astreint,astreint,atteint
ɛ̃,eints,51,0.0,astreints,astreints,atteints
ɛ̃,ens,4141,0.04,aaléniens,abbevilliens,aberdoniens
ɛ̃,ent,67,0.0,abstient,advient,appartient
ɛ̃,inct,5,0.0,distinct,d’instinct,indistinct
ɛ̃,incts,4,0.0,distincts,indistincts,instincts
ɛ̃,ingt,57,0.0,quatrevingt,vingt,vingt
ɛ̃,ingts,13,0.0,quatrevingts,vingts,huit vingts
ɛ̃,ins,2015,0.02,abiétins,abrasins,abstins
ɛ̃,int,295,0.0,abstint,adjoint,adjoint
ɛ̃,ints,163,0.0,adjoints,adjoints,adjoints
ɛ̃,înt,60,0.0,abstînt,advînt,appartînt
ɛ̃,yms,8,0.0,rovethyms,thyms,thyms communs
œ̃,Hun,0,0.0,,,
œ̃,Huns,0,0.0,,,
œ̃,un,1333,0.87,abrunchi,abrunchie,abrunchies
œ̃,uns,140,0.09,aluns,aubuns,aucuns
œ̃,hum,17,0.01,humble,humble,humblement
œ̃,um,20,0.01,lumbricidés,lump,lumps
œ̃,ums,3,0.0,parfums,brule-parfums,brûle-parfums
œ̃,unt,4,0.0,défunt,défunt,emprunt
œ̃,unts,4,0.0,défunts,défunts,emprunts
œ,heu,549,0.01,absintheur,absintheurs,aheurta
œ,hœ,1,0.0,Hœrdt,,
œ,hu,35,0.0,hub,hubs,hum
œ,œ,363,0.01,angstrœm,angstrœms,arrœilla
œ,œu,828,0.02,ancœur,ancœurs,anticœur
œ,e,1574,0.05,affenpinscher,africander,africanders
œ,ea,4,0.0,earl,yearling,yearlings
œ,eu,21854,0.73,abaisseur,abaisseur,abaisseur
œ,i,192,0.0,birdie,birdies,callgirl
œ,io,46,0.0,fashion,fashionisa,fashionisai
œ,l,201,0.0,battle,battles,bundle
œ,ogl,0,0.0,,,
œ,oe,50,0.0,arroeilla,arroeillai,arroeillaient
œ,u,3790,0.12,aboyeur,aboyeur,aboyeurs
œ,ue,438,0.01,accueil,accueillables,accueillaient
œ,euent,1,0.0,aveuent,,
ə,ai,388,0.0,autosatisfaisaient,autosatisfaisais,autosatisfaisait
ə,e,563768,0.99,abadera,abaderai,abaderaient
ə,on,20,0.0,badminton,croquemonsieur,croquemonsieurs
ø,euh,23,0.0,beuh,beuh,beuhers
ø,eux,2105,0.1,abloqueux,abomiffreux,abomiffreux
ø,œufs,43,0.0,bœufs,piquebœufs,œufs
ø,e,533,0.02,argueil,basbleuisa,basbleuisai
ø,eu,15468,0.79,abaisseuse,abaisseuse,abaisseuses
ø,heu,83,0.0,absintheuse,absintheuses,bheu
ø,hœ,0,0.0,,,
ø,œ,103,0.0,alstrœmère,antiœstrogène,anœstrus
ø,eû,154,0.0,cheûla,cheûlai,cheûlaient
ø,oe,59,0.0,alumogoethites,foehna,foehnai
ø,œu,35,0.0,blanchœuvrier,blanchœuvriers,bœuvonnage
ø,ö,59,0.0,böcklinien,böcklinienne,böckliniennes
ø,eud,2,0.0,alleud,Braine-l’Alleud,
ø,eue,242,0.01,banlieue,bleue,bleue
ø,euent,0,0.0,,,
ø,eues,97,0.0,banlieues,bleues,chaqueues
ø,euf,7,0.0,esteuf,neufchâtel,éteuf
ø,eufs,2,0.0,esteufs,éteufs,
ø,euhe,2,0.0,chleuhe,Chleuhe,
ø,euhes,2,0.0,chleuhes,Chleuhes,
ø,euhs,4,0.0,chleuhs,chleuhs,schleuhs
ø,eur,20,0.0,croquemonsieur,jouteurs,monsieur
ø,eurs,10,0.0,croquemonsieurs,messieurs,Messieurs
ø,eus,196,0.01,antibleus,autopromeus,beubeus
ø,eut,26,0.0,autopromeut,déveut,meut
ø,euts,1,0.0,émeuts,,
ø,œud,28,0.0,inœud,nœud,Nœud
ø,œuds,29,0.0,inœuds,nœuds,supernœuds
ø,œulx,2,0.0,Rœulx,Le Rœulx,
ø,œux,7,0.0,vœux,appeler de ses vœux,appeler de ses vœux
y,eu,288,0.0,asseura,asseurai,asseuraient
y,eue,1,0.0,eue,,
y,eues,1,0.0,eues,,
y,eus,1,0.0,eus,,
y,eut,1,0.0,eut,,
y,eût,1,0.0,eût,,
y,hue,43,0.0,cohue,forhue,forhuera
y,huent,3,0.0,forhuent,rehuent,huent
y,hues,4,0.0,cohues,forhues,rehues
y,eû,4,0.0,eûmes,eûtes,vergeûre
y,hu,3691,0.01,abathudois,abathudoise,abathudoises
y,u,184388,0.93,abacule,abarticulaire,abarticulaires
y,ü,165,0.0,argüa,argüai,argüaient
y,eü,13,0.0,bringeüre,chargeüre,chargeüres
y,us,1224,0.0,abattus,abattus,abbattus
y,uu,4,0.0,buumdroeger,buumdroegers,buuz
y,üe,25,0.0,aigüe,ambigüe,argüe
y,uë,17,0.0,aiguë,ambiguë,arguë
y,û,1651,0.0,absolûmes,absolûtes,accourûmes
y,ue,3561,0.01,abattue,abattue,abbattue
y,hus,14,0.0,cartahus,copahus,dahus
y,hut,10,0.0,ahut,bahut,bahut
y,huts,6,0.0,ahuts,bahuts,chahuts
y,uent,225,0.0,abluent,accentuent,actuent
y,uënt,1,0.0,arguënt,,
y,üent,1,0.0,argüent,,
y,ues,1055,0.0,abattues,abattues,abbattues
y,uës,10,0.0,aiguës,ambiguës,arguës
y,ües,8,0.0,aigües,ambigües,argües
y,ul,164,0.0,acul,bacul,cornecul
y,uls,47,0.0,aculs,baculs,corneculs
y,upt,3,0.0,rupt,Rupt,Xonrupt-Longemer
y,upts,1,0.0,rupts,,
y,ûs,6,0.0,concrûs,crûs,décrûs
y,ut,267,0.0,absolut,accourut,accrut
y,ût,207,0.0,absolût,accourût,accrût
y,uth,1,0.0,bizuth,,
y,uths,1,0.0,bizuths,,
y,uts,43,0.0,acuts,acuts,affuts
y,ûts,5,0.0,affûts,fûts,raffûts
y,ux,28,0.0,afflux,flux,influx
y,uz,1,0.0,ruz,,
u,hou,1409,0.01,aghoul,aghoul,aghouls
u,houe,18,0.0,houe,houemens,houement
u,houx,10,0.0,houx,Saint-Ouen-le-Houx,fragon faux houx
u,ou,113694,0.85,abajour,abajours,abalourdi
u,où,32,0.0,ankoù,ayoù,bagadoù
u,ouh,11,0.0,bouh,brouhahas,brouhas
u,aou,223,0.0,aout,aouteron,aouterons
u,aoû,7,0.0,août,aoûter,aoûteron
u,hu,223,0.0,aghul,aghul,aghuls
u,oû,1758,0.01,aboûmens,aboûment,aboûments
u,u,3869,0.02,abdullah,abdullahs,abugida
u,ü,1,0.0,nü-metal,,
u,e,206,0.0,autointerviewa,autointerviewai,autointerviewaient
u,o,192,0.0,bergopzom,bergopzoms,biznesswoman
u,oe,76,0.0,boer,boer,broebela
u,oo,3623,0.02,aircooling,appaloosa,autogooglisa
u,oup,364,0.0,beaucoup,beaucoup,cantaloup
u,oue,1476,0.01,abajoue,abouemens,abouement
u,ow,15,0.0,bowling,bowlings,clowne
u,ui,83,0.0,cruisa,cruisable,cruisai
u,w,183,0.0,attonewton,attonewtons,centinewton
u,aoul,3,0.0,saoul,saoul comme la Pologne,saoul comme un Polonais
u,aouls,1,0.0,saouls,,
u,ew,146,0.0,crew,homebrew,interview
u,ews,1,0.0,interviews,,
u,oub,4,0.0,doubte,doubte,doubtes
u,oubs,2,0.0,radoubs,Doubs,
u,ouc,3,0.0,caoutchouc,arbre à caoutchouc,boucliers d’Amazone
u,oucs,1,0.0,caoutchoucs,,
u,oud,15,0.0,berthoud,bouddhas,coud
u,ouds,7,0.0,berthouds,couds,découds
u,ouent,110,0.0,accouent,afflouent,affrouent
u,oues,201,0.0,abajoues,accoues,affloues
u,oug,7,0.0,chougneur,chougneurs,crougnon
u,ougs,1,0.0,jougs,,
u,ouls,5,0.0,pouls,souls,oxymétrie de pouls
u,oos,8,0.0,boogaloos,chundoos,didjeridoos
u,oups,142,0.0,cantaloups,cloups,contrecoups
u,ous,4515,0.03,aboucouchous,absous,absous
u,out,351,0.0,about,absout,ajout
u,oût,39,0.0,coût,dégoût,goût
u,outs,66,0.0,abouts,absouts,ajouts
u,oûts,31,0.0,coûts,dégoûts,goûts
u,oux,254,0.0,adoux,ajoux,alloux
u,us,59,0.0,alukus,bilulus,bornus
o,au,57735,0.28,abiauge,abiaugea,abiaugeai
o,aulx,7,0.0,aulx,faulx,topinambaulx
o,aux,2369,0.01,abbatiaux,abdominaux,abdominaux
o,eau,4034,0.01,abeausi,abeausie,abeausies
o,eaux,1284,0.0,aboiteaux,aboteaux,agasseaux
o,haut,154,0.0,haut,haut,haut
o,hauts,32,0.0,hauts,hauts,nylghauts
o,ho,2642,0.01,acanthose,acanthosome,acanthosomes
o,ô,4462,0.02,acône,acônes,affrôla
o,oh,821,0.0,almohade,alumohématites,attoohm
o,os,2919,0.01,abacos,abacost,abdos
o,aul,40,0.0,aulnage,aulnages,aulnaie
o,ha,14,0.0,chaonorrhagie,chaonorrhagies,dancehall
o,hau,652,0.0,antihausse,blockhaus,bouhaureau
o,heau,44,0.0,déheauma,déheaumai,déheaumaient
o,hô,136,0.0,hôla,hôlai,hôlaient
o,hoa,1,0.0,hoax,,
o,o,122603,0.6,abandogiciel,abandogiciels,abandonnable
o,a,161,0.0,balltrap,baseball,baseballeur
o,aû,5,0.0,afaûtri,afaûtris,jaûne
o,aw,106,0.0,coleslaw,coleslaw,crawl
o,eo,37,0.0,digeo,esturgeonnière,esturgeonnières
o,ó,8,0.0,caló,mló,ngaqómi
o,ō,22,0.0,budō,bō,dōjinshi
o,oa,380,0.0,autoadresser,autocoacher,autocoat
o,oo,94,0.0,alcoolase,alcoolases,alcoolat
o,ao,4,0.0,curaçao,curaçao,Curaçao
o,aos,6,0.0,saosnois,saosnoise,saosnoise
o,aud,233,0.0,adriaud,artichaud,babaud
o,auds,104,0.0,adriauds,artichauds,badauds
o,ault,52,0.0,boursault,cinsault,frinault
o,aults,7,0.0,boursaults,cinsaults,frinaults
o,aus,20,0.0,antitaus,berimbaus,burgaus
o,aut,156,0.0,artichaut,assaut,aïaut
o,auts,62,0.0,artichauts,assauts,aïauts
o,auw,1,0.0,dauw,,
o,auws,1,0.0,dauws,,
o,aws,5,0.0,coleslaws,coleslaws,landaws
o,eaus,4,0.0,cheaus,moreaus,perreaus
o,hos,18,0.0,cahos,cathos,cathos
o,oc,13,0.0,accroc,broc,croc
o,ocs,6,0.0,accrocs,brocs,crocs
o,oe,12,0.0,choesels,eddoe,floe
o,oos,1,0.0,zoos,,
o,ooz,2,0.0,Chooz,Looz,
o,op,31,0.0,galop,salop,sirop
o,ops,7,0.0,galops,salops,sirops
o,ôs,6,0.0,butôs,butôs,chamôs
o,ot,978,0.0,abacot,abot,abricot
o,ôt,91,0.0,aussitôt,autoclôt,bientôt
o,oth,6,0.0,ostrogoth,ostrogoth,wisigoth
o,oths,5,0.0,wisigoths,Goths,Visigoths
o,ots,632,0.0,abacots,abots,abricots
o,ôts,21,0.0,dépôts,entrepôts,expôts
o,ow,118,0.0,bungalow,bungalow,cowboy
o,ows,9,0.0,bungalows,chamallows,flows
o,oz,9,0.0,Aviernoz,Contrevoz,Cormoz
ɔ,au,22214,0.04,acausal,acausale,acausales
ɔ,ho,9127,0.01,abhorra,abhorrable,abhorrables
ɔ,o,431541,0.92,aaronais,aaronaise,aaronaises
ɔ,a,304,0.0,atha,baseball,basketball
ɔ,ao,52,0.0,extraordinaire,extraordinaire,extraordinarisa
ɔ,aw,11,0.0,lawrencite,lawrencium,respawne
ɔ,ö,52,0.0,coöpère,coöpèrent,coöpèrera
ɔ,ô,156,0.0,ancônitains,apôtres,aumônes
ɔ,ō,3,0.0,yōon,yōons,Tōkyō
ɔ,oa,508,0.0,autocoacha,autocoachai,autocoachaient
ɔ,oho,5,0.0,alcohol,alcoholique,alcoholisation
ɔ,oo,388,0.0,alcool,alcoolate,alcoolates
ɔ,ou,45,0.0,bouncer,broussailleur,broussailleurs
ɔ,ow,49,0.0,blower,crowdsource,crowdsourcent
ɔ,u,1944,0.0,abomasum,abomasums,aceretum
ɔ,ü,2,0.0,capharnaüm,capharnaüms,
ɔ,œ,4,0.0,cœrcif,stœchiométrie,stœchiométrique
ɔ,os,198,0.0,allegrettos,allégrettos,altos
ɔ,ot,98,0.0,arbrot,arcot,blanchot
ɔ,ots,91,0.0,abricots,arbrots,arcots
ɔ̃,hon,649,0.0,achondroplase,achondroplase,achondroplases
ɔ̃,on,68779,0.25,abaknon,abaknon,abaliénation
ɔ̃,ont,30313,0.11,abaderont,abaieront,abaisseront
ɔ̃,hom,42,0.0,dirhombicosidodécaèdre,dirhombicosidodécaèdres,dirhombidodécaèdre
ɔ̃,om,15287,0.05,accombant,accombante,accombantes
ɔ̃,um,69,0.0,circumméridien,circumméridienne,circumméridiennes
ɔ̃,un,297,0.0,acupuncteur,acupuncteure,acupuncteures
ɔ̃,omp,215,0.0,accompte,accomptes,acompte
ɔ̃,ump,0,0.0,,,
ɔ̃,unk,1,0.0,skunks,,
ɔ̃,aon,3,0.0,taon,Chaon,Saint-Laon
ɔ̃,aons,1,0.0,taons,,
ɔ̃,omb,78,0.0,aplomb,attocoulomb,centicoulomb
ɔ̃,ombs,37,0.0,aplombs,attocoulombs,centicoulombs
ɔ̃,ompt,10,0.0,corrompt,interrompt,prompt
ɔ̃,ompts,1,0.0,prompts,,
ɔ̃,oms,55,0.0,binoms,condoms,noms
ɔ̃,onc,45,0.0,ajonc,alitronc,coudonc
ɔ̃,oncs,12,0.0,alitroncs,joncs,troncs
ɔ̃,ond,322,0.0,abscond,affond,appond
ɔ̃,onds,159,0.0,absconds,affonds,antirebonds
ɔ̃,ong,81,0.0,barlong,cachalong,cacholong
ɔ̃,ongs,38,0.0,barlongs,biltongs,cacholongs
ɔ̃,ons,150895,0.56,abadassions,abaderions,abaderons
ɔ̃,onts,74,0.0,affronts,amonts,autoponts
ɑ̃,an,78327,0.28,abancourtois,abancourtoise,abancourtoises
ɑ̃,ans,1533,0.0,abondans,aboussans,accablans
ɑ̃,en,110068,0.39,abengourois,abergementais,abergementaise
ɑ̃,han,608,0.0,afghan,afghan,ahan
ɑ̃,e,4195,0.01,décurrente,désemmaillota,désemmaillotai
ɑ̃,am,10963,0.03,abampère,abampères,acampsie
ɑ̃,em,23965,0.08,ademption,ademptions,alembroth
ɑ̃,ham,247,0.0,dhampire,dhampires,hambourg
ɑ̃,hen,612,0.0,appréhenda,appréhendabilité,appréhendabilités
ɑ̃,a,226,0.0,amblystome,amblystomes,ameuloner
ɑ̃,aan,4,0.0,afrikaans,afrikaans,Afrikaans
ɑ̃,aën,0,0.0,,,
ɑ̃,amp,217,0.0,camp,champ,champleva
ɑ̃,ang,205,0.0,bangkokien,bangkokienne,bangkokiennes
ɑ̃,emp,26,0.0,arlempdois,arlempdoise,arlempdoises
ɑ̃,aen,2,0.0,Caen,tripes à la mode de Caen,
ɑ̃,amps,92,0.0,camps,champs,contrechamps
ɑ̃,ams,1,0.0,dams,,
ɑ̃,anc,502,0.0,antiblanc,banc,blanc
ɑ̃,ancs,215,0.0,antiblancs,bancs,blancs
ɑ̃,and,657,0.0,allemand,allemand,anglonormand
ɑ̃,ands,198,0.0,allemands,allemands,anglonormands
ɑ̃,angs,26,0.0,farsangs,pursangs,rangs
ɑ̃,ant,31807,0.11,abadant,abaissant,abalant
ɑ̃,ants,2742,0.0,abasourdissants,abatants,abattants
ɑ̃,aon,31,0.0,craon,faon,laonnois
ɑ̃,aons,12,0.0,craons,faons,paons
ɑ̃,emps,179,0.0,contretemps,entretemps,entretemps
ɑ̃,empt,2,0.0,exempt,exempt,
ɑ̃,empts,1,0.0,exempts,,
ɑ̃,end,108,0.0,append,apprend,ascend
ɑ̃,ends,93,0.0,appends,apprends,ascends
ɑ̃,eng,8,0.0,hareng,paseng,Nesle-Hodeng
ɑ̃,engs,3,0.0,harengs,comme des harengs,passer la mer aux harengs
ɑ̃,ens,1404,0.0,abaissemens,abandonnemens,abasourdissemens
ɑ̃,ent,6336,0.02,abaissement,abandonnement,abandonnément
ɑ̃,ents,3064,0.01,abaissements,abandonnements,abasourdissements
ɑ̃,hans,17,0.0,afghans,ahans,astrakhans
ɑ,a,6841,0.51,a,abas,abiaugeasse
ɑ,â,5255,0.39,abâtardi,abâtardie,abâtardies
ɑ,hâ,137,0.01,déhâler,hâbla,hâblai
ɑ,as,316,0.02,abras,alenas,ananas
ɑ,aa,19,0.0,cadaa,kraal,kraals
ɑ,am,5,0.0,ampallang,ampallangs,Huambo
ɑ,âh,1,0.0,sâhous,,
ɑ,i,245,0.01,antiglissoire,antiglissoires,boisa
ɑ,î,97,0.0,boîta,boîtable,boîtables
ɑ,âs,4,0.0,lâs,pangniâs,pangniâs
ɑ,ât,175,0.01,accensât,accommodât,admirât
ɑ,at,16,0.0,agnacat,chocolat,chocolat
ɑ,ats,9,0.0,agnacats,composats,cornillats
ɑ,âts,13,0.0,bâts,entrebâts,ghâts
ɑ,aw,18,0.0,bucksaw,chainsaw,chawl
ɑ,az,6,0.0,lapiaz,raz,La Clusaz
a,a,928443,0.82,a,a,a
a,à,4692,0.0,bàs,celà,delà
a,ah,376,0.0,abdullah,ah,ahriman
a,as,58263,0.05,aas,abacas,abadas
a,aa,240,0.0,aa,aakérite,aakérites
a,ha,11669,0.01,abeilhanais,abeilhanaise,abeilhanaises
a,hâ,168,0.0,absinthâmes,absinthâtes,arrhâmes
a,â,58040,0.05,abadâmes,abadâtes,abaissâmes
a,ã,10,0.0,baião,brandãosite,brandãosites
a,ae,29,0.0,baeckeoffe,baes,baesine
a,ao,128,0.0,faonna,faonnai,faonnaient
a,at,1516,0.0,abat,abat,abbat
a,e,781,0.0,antécédemment,anvoye,apparemment
a,ê,117,0.0,poêla,poêlage,poêlages
a,i,24121,0.02,abainvilloise,abainvilloises,abancourtoise
a,î,876,0.0,aboîment,aboîments,accroîtra
a,ie,2130,0.0,aboie,aboiemens,aboiement
a,ig,87,0.0,doigta,doigtai,doigtaient
a,o,650,0.0,background,blackout,blackouta
a,y,642,0.0,aboyeur,aboyeur,aboyeurs
a,āʾ,4,0.0,bāʾ,fāʾ,tāʾ
a,ac,34,0.0,antitabac,cotignac,estomac
a,ach,4,0.0,almanach,almanach,almanach GPS
a,achs,4,0.0,almanachs,almanachs GPS,almanachs
a,acs,14,0.0,antitabacs,antitabacs,entrelacs
a,act,1,0.0,exact,,
a,acts,0,0.0,,,
a,ahs,41,0.0,abdullahs,argilahs,ayatollahs
a,ap,14,0.0,alacap,drap,flexographies
a,aps,6,0.0,draps,sparadraps,draps de sac
a,ars,5,0.0,gars,gars,gars sûr
a,ât,26432,0.02,abadât,abaissât,abaliénât
a,ats,791,0.0,abats,abats,abbatiats
a,âts,6,0.0,appâts,dégâts,mâts
a,ax,5,0.0,Caychax,Oyonnax,Oyonnax
a,id,73,0.0,antifroid,darkside,freeride
a,ids,66,0.0,compoids,contrepoids,froids
a,ient,197,0.0,aboient,aloient,apitoient
a,ies,260,0.0,aboies,aloies,apitoies
a,igt,24,0.0,doigt,au doigt et à l’œil,au doigt mouillé
a,igts,39,0.0,doigts,aux doigts de rose,avoir des doigts de fée
a,is,3488,0.0,abainvillois,abancourtois,abathudois
a,it,324,0.0,accroit,adroit,antoit
a,ît,25,0.0,accroît,accroît,benoît
a,its,115,0.0,adroits,antoits,benoits
a,îts,6,0.0,benoîts,croîts,décroîts
a,ix,236,0.0,choix,compoix,croix
a,ois,92,0.0,acquois,aderguois,ansacquois
a,yes,12,0.0,anvoyes,broyes,debyes
aj,hei,123,0.01,alzheimer,alzheimer,alzheimerien
aj,hi,203,0.02,déwhitelista,déwhitelistage,déwhitelistages
aj,i,1504,0.18,airtime,airtimes,aquabike
aj,y,6357,0.77,aboya,aboyable,aboyables
dʒ,j,1207,0.82,ateji,banjo,banjos
dʒ,g,256,0.17,adagietto,adagiettos,adagio
ij,i,9779,1.0,abattriez,abattrions,abbattriez
ks,x,24923,0.93,aasax,abaxial,abraxas
ks,xc,1072,0.04,autoexcita,autoexcitai,autoexcitaient
ks,xe,335,0.01,affixe,affixe,affixe
ks,xes,231,0.0,affixes,affixes,ajaxes
ks,xent,107,0.0,affixent,ajaxent,annexent
ɡz,x,5070,1.0,actinauxisme,actinauxismes,amphixénose
ɔɛ,œ,0,0.0,,,
tʃ,ch,0,0.0,,,
tʃ,x,1,1.0,xavante,,
tʃ,œ,0,0.0,,,
wa,o,13,1.0,anchoïade,anchoïades,surmoïque
be,b,252,1.0,abc,abcd,bcbg
se,c,550,1.0,abcd,bcbg,bcbg
de,d,630,1.0,dpa,dpi,mdr
ɛf,f,333,1.0,afk,afk,cf
ʒe,g,245,1.0,cgs,gzippa,gzippai
aʃ,h,369,1.0,bhlisa,bhlisai,bhlisaient
ʒi,j,28,1.0,CJC,CJCE,CJCV
ka,k,61,1.0,kgbisa,kgbisai,kgbisaient
ɛl,l,401,1.0,agroindustriel,bhlisa,bhlisai
ɛm,m,603,1.0,htmlisa,htmlisai,htmlisaient
ɛn,n,586,1.0,gentlemans,gentlemen,gentry
pe,p,504,1.0,dpi,pacm,pb
ky,q,37,1.0,AQP,CQFD,LGBTQIA
ɛʁ,r,510,1.0,cohérera,cohérerai,cohéreraient
ɛs,s,832,0.87,bàs,cgs,cssisa
ɛs,ss,114,0.12,smssa,smssai,smssaient
te,t,317,1.0,htmlisa,htmlisai,htmlisaient
ve,v,172,1.0,vdd,vhosts,ALVF
dubləve,w,21,1.0,w,BMW,BMW
iks,x,100,1.0,x,x,xette
iɡʁɛk,y,3,1.0,XYZ,YAML,y crosse
zɛd,z,10,1.0,AZT,BZD,FZD
